State/UT,District,Population,Households_Rural_Livable,Households_Rural_Dilapidated,Households_Rural_Toilet_Premise,Households_Urban_Livable,Households_Urban_Dilapidated,Households_Urban_Toilet_Premise,Households_Rural,Households_Urban
jammu and kashmir,kupwara,870354.0,92052.478,13150.354000000001,77476.182,11496.869999999999,1114.848,16304.652,158438.0,23226.0
jammu and kashmir,badgam,753745.0,74380.487,6265.311,133820.617,9190.22,706.9399999999999,24579.76,160649.0,27190.0
jammu and kashmir,leh(ladakh),133487.0,19013.8,775.32,32526.519999999997,9540.804,192.21400000000003,16740.092,36920.0,17474.0
jammu and kashmir,kargil,140802.0,29591.21,1412.95,39078.159999999996,5348.512,93.288,7579.65,40370.0,7774.0
jammu and kashmir,punch,476835.0,78622.705,3171.3360000000002,18103.043,4168.437,122.152,11497.556999999999,132139.0,15269.0
jammu and kashmir,rajouri,642415.0,103721.03,5293.89,19999.14,3256.4880000000003,297.636,14969.340000000002,196070.0,17508.0
jammu and kashmir,kathua,616435.0,66564.258,6348.09,25755.108,9037.710000000001,1037.663,22460.382999999998,181374.0,33473.0
jammu and kashmir,baramula,1008039.0,97060.32299999999,11158.778999999999,156433.449,16636.88,2446.6,45262.1,210543.0,48932.0
jammu and kashmir,bandipore,392232.0,43239.777,5958.554000000001,56445.221,5442.05,754.865,16554.365,80521.0,17555.0
jammu and kashmir,srinagar,1236829.0,1734.912,284.634,4007.466,59791.272,5669.862000000001,252824.30099999998,4518.0,257721.0
jammu and kashmir,ganderbal,297446.0,30235.512,6059.86,44332.659999999996,2982.76,610.11,12378.454000000002,63788.0,13558.0
jammu and kashmir,pulwama,560440.0,63433.6,6785.92,92495.04000000001,9202.072,651.09,19771.432999999997,147520.0,21703.0
jammu and kashmir,shupiyan,266215.0,25104.512000000002,4461.344,44613.439999999995,1813.568,173.976,4997.856,75616.0,5272.0
jammu and kashmir,anantnag,1078692.0,89660.011,10560.417,105190.036,20139.809999999998,2190.646,53352.829999999994,207067.0,70666.0
jammu and kashmir,kulgam,424483.0,47016.479999999996,4509.744,40011.984000000004,10574.76,1057.476,14729.13,95952.0,25178.0
jammu and kashmir,doda,409936.0,73360.20000000001,1956.2720000000002,29344.08,2689.95,329.15,10600.900000000001,122267.0,11350.0
jammu and kashmir,ramban,283713.0,43404.715,1769.901,15002.018,1030.8129999999999,128.184,4417.007,84281.0,5341.0
jammu and kashmir,kishtwar,230696.0,37636.56,2460.852,14475.599999999999,809.055,41.951,5597.462,72378.0,5993.0
jammu and kashmir,udhampur,554985.0,66452.808,2973.28,11001.136,5898.32,624.528,26056.695999999996,148664.0,34696.0
jammu and kashmir,reasi,314667.0,52469.028,1433.58,8601.48,4843.095,134.871,9661.668,95572.0,12261.0
jammu and kashmir,jammu,1529958.0,97753.344,12473.734,62623.236,56057.718,8433.462,210588.507,254566.0,248043.0
jammu and kashmir,samba,318898.0,28745.335,3110.151,24504.22,3558.042,219.879,14132.223,94247.0,19989.0
himachal pradesh,chamba,519080.0,70830.1,4287.085,90960.76,2573.4960000000005,96.852,12037.320000000002,186395.0,13836.0
himachal pradesh,kangra,1510075.0,148845.21300000002,8236.493999999999,378878.72400000005,7411.33,624.1120000000001,32102.761,588321.0,39007.0
himachal pradesh,lahul and spiti,31564.0,5875.258000000001,139.472,13615.954,,,,17434.0,0.0
himachal pradesh,kullu,437903.0,46198.625,2015.94,91053.29000000001,3189.186,269.21700000000004,18762.354,167995.0,20709.0
himachal pradesh,mandi,999777.0,120716.12,6898.064,353525.77999999997,5483.407999999999,221.87199999999999,29160.32,431129.0,31696.0
himachal pradesh,hamirpur,454768.0,42361.056000000004,1961.16,174739.356,2619.904,91.392,14059.135999999999,196116.0,15232.0
himachal pradesh,una,521173.0,46828.023,2591.274,108833.508,4910.744,966.0479999999999,15013.995999999997,185091.0,20126.0
himachal pradesh,bilaspur,381956.0,41011.202,1981.954,104891.10399999999,2025.8029999999999,95.89600000000002,11207.845000000001,152458.0,11987.0
himachal pradesh,solan,580320.0,47232.814999999995,3662.9529999999995,133023.03,9632.183,721.126,46255.082,192787.0,51509.0
himachal pradesh,sirmaur,529855.0,52870.518,4790.856,97357.038,4147.638,210.54,20232.893999999997,171102.0,21054.0
himachal pradesh,shimla,814010.0,68141.636,6423.187,167002.862,17357.176000000003,1246.6480000000001,86977.672,279269.0,95896.0
himachal pradesh,kinnaur,84121.0,13042.602,445.14,30803.688000000002,,,,44514.0,0.0
punjab,gurdaspur,2298323.0,207904.84000000003,37877.4,210850.86000000002,76235.56800000001,9645.376,158777.728,420860.0,185488.0
punjab,kapurthala,815168.0,68489.26199999999,10091.412999999999,128045.142,30646.4,3926.5699999999997,90119.56999999999,165433.0,95770.0
punjab,jalandhar,2193590.0,154268.313,20481.018,251057.63999999998,143938.371,18133.967999999997,361923.778,330339.0,377791.0
punjab,hoshiarpur,1586625.0,173295.93,27473.744999999995,240923.61,44107.056,6301.008000000001,114318.28800000002,422673.0,128592.0
punjab,shahid bhagat singh nagar,612310.0,73450.368,9891.072,122356.224,17417.88,3144.895,41173.933,183168.0,48383.0
punjab,fatehgarh sahib,600163.0,45965.568999999996,7523.776,96986.17499999999,20239.961,2580.165,53839.44300000001,117559.0,57337.0
punjab,ludhiana,3498739.0,178159.432,28047.272,345653.0,262491.701,31447.661000000004,621893.5410000001,395032.0,641789.0
punjab,moga,995746.0,96861.34,15857.83,183007.93,25802.112,4967.648,70214.368,214295.0,74144.0
punjab,firozpur,2029074.0,177397.69799999997,37640.376000000004,232115.65199999997,63239.74800000001,10924.628,139558.276,348522.0,153868.0
punjab,muktsar,901896.0,78939.696,15997.248999999998,108093.56099999999,30083.949999999997,6793.15,67035.7,149507.0,74650.0
punjab,faridkot,617508.0,48973.54,7695.842000000001,80056.746,23802.467999999997,4772.276999999999,54674.975999999995,99946.0,58917.0
punjab,bathinda,1388525.0,111479.24900000001,16143.766000000001,183908.037,44570.412000000004,7428.402000000001,128071.153,218159.0,137563.0
punjab,mansa,769751.0,67705.395,10483.416,91584.287,17318.026,2996.3740000000003,43168.1,145603.0,50786.0
punjab,patiala,1895686.0,143653.91999999998,21248.808999999997,231342.667,70224.98000000001,9159.78,211329.21000000002,299279.0,218090.0
punjab,amritsar,2490656.0,152063.304,21487.206,167490.016,163827.30000000002,20815.704,360034.58400000003,275477.0,385476.0
punjab,tarn taran,1119627.0,124053.369,18040.077,144320.616,19383.252,3156.4469999999997,38988.789,222717.0,44457.0
punjab,rupnagar,684627.0,52745.672,8889.72,84304.17799999999,16708.212,3026.85,55512.429000000004,148162.0,60537.0
punjab,sahibzada ajit singh nagar,994628.0,50670.57600000001,8562.389000000001,71196.85100000001,41247.954,6613.596,160814.80800000002,117293.0,174042.0
punjab,sangrur,1655169.0,133515.29200000002,17821.516,229634.61599999998,53935.072,7369.036000000001,144244.96000000002,292156.0,156788.0
punjab,barnala,595527.0,50980.769,6667.505,82266.754,22231.02,3199.0980000000004,48908.244000000006,102577.0,54222.0
chandigarh,chandigarh,1055450.0,4179.259,249.50799999999998,7841.68,76995.296,10130.96,253563.45599999998,8911.0,289456.0
uttarakhand,uttarkashi,330086.0,30279.96,3364.44,44298.46,1440.699,72.488,8290.815,112148.0,9061.0
uttarakhand,chamoli,391605.0,42983.142,4085.85,76813.98,2657.096,206.154,20042.75,163434.0,22906.0
uttarakhand,rudraprayag,242285.0,22315.59,2141.395,57479.549999999996,432.03799999999995,13.362,4079.8639999999996,112705.0,4454.0
uttarakhand,tehri garhwal,618931.0,62668.28400000001,6357.652,113756.55900000001,2880.7619999999997,190.23899999999998,26062.743,227059.0,27177.0
uttarakhand,dehradun,1696694.0,60941.41499999999,8901.554999999998,170270.76999999996,54956.17199999999,6465.432,256462.136,228245.0,269393.0
uttarakhand,garhwal,687271.0,70200.18200000002,5034.276000000001,135086.406,5296.320000000001,404.58000000000004,34830.66,279682.0,36780.0
uttarakhand,pithoragarh,483439.0,46656.49799999999,4224.8009999999995,88169.76,2599.344,131.28,25337.04,183687.0,26256.0
uttarakhand,bageshwar,259898.0,24103.781,2784.899,51376.585,353.08,34.92,3491.9999999999995,96031.0,3880.0
uttarakhand,almora,622506.0,62673.496,4420.952,134188.896,3056.89,274.066,19374.358,260056.0,21082.0
uttarakhand,champawat,259648.0,34336.405999999995,5112.12,34421.608,3607.759,757.501,10258.360999999999,85202.0,12839.0
uttarakhand,nainital,954605.0,61208.261999999995,9847.385999999999,134001.684,20904.246,3167.31,100086.996,193086.0,105577.0
uttarakhand,udham singh nagar,1648902.0,123657.35399999999,18050.202,153292.014,52872.092,5810.12,133632.76,269406.0,145253.0
uttarakhand,hardwar,1890422.0,145782.924,15996.884,151517.65600000002,47104.299,4096.026,172405.45799999998,301828.0,186183.0
haryana,panchkula,561293.0,24955.040000000005,3473.8550000000005,31193.800000000003,21259.911999999997,4401.832,82042.65599999999,70895.0,93656.0
haryana,ambala,1128350.0,77511.33,7540.695,89611.51500000001,39729.044,4616.403,124922.663,175365.0,139891.0
haryana,yamunanagar,1214205.0,101012.544,13725.696,98653.43999999999,48564.80099999999,5730.36,131655.021,214464.0,143259.0
haryana,kurukshetra,964655.0,93634.38,8752.778999999999,140655.123,26127.328,3089.3799999999997,81559.632,203553.0,88268.0
haryana,kaithal,1074304.0,112079.135,11092.367999999999,133339.507,27931.824,3103.536,62600.592000000004,231091.0,75696.0
haryana,karnal,1505324.0,139023.95,14341.418000000001,200779.85199999998,39824.560000000005,3533.92,124502.72,292682.0,135920.0
haryana,panipat,1205437.0,82586.952,7287.084,115725.834,59983.56,4460.316,145959.996,173502.0,153804.0
haryana,sonipat,1450001.0,142496.71600000001,13341.326000000001,159528.196,47553.056000000004,4541.584,123157.072,283858.0,133576.0
haryana,jind,1334152.0,142229.185,13916.75,142785.85499999998,30396.434999999998,2510.62,78546.54,278335.0,89665.0
haryana,fatehabad,942011.0,94201.28,11572.140000000001,148001.58000000002,18711.68,2712.6400000000003,50322.240000000005,203020.0,55360.0
haryana,sirsa,1295189.0,102363.49200000001,14483.084000000003,214791.50000000003,30794.28,3825.9559999999997,89490.04400000001,245476.0,93316.0
haryana,hisar,1743931.0,140436.045,16610.715,188758.125,49624.386000000006,5085.729,137931.135,302013.0,154113.0
haryana,bhiwani,1634445.0,163884.57299999997,18923.490999999998,175667.124,41281.76,4366.34,86135.98,357047.0,99235.0
haryana,rohtak,1061204.0,86375.079,8234.541000000001,102318.552,43869.087,3556.9530000000004,121331.619,175203.0,131739.0
haryana,jhajjar,958405.0,95529.016,10378.984,123912.35999999999,32036.152,3524.7599999999998,71826.776,211816.0,78328.0
haryana,mahendragarh,922088.0,94188.64600000001,6935.506000000001,87253.14000000001,16448.352000000003,1238.048,34134.752,223726.0,44216.0
haryana,rewari,900332.0,83170.23300000001,6581.817,99325.602,21484.55,1663.32,60849.78999999999,199449.0,69305.0
haryana,gurgaon,1514432.0,55689.278999999995,4534.496,92957.16799999999,104664.712,14897.532,350282.99600000004,141703.0,381988.0
haryana,mewat,1089263.0,109440.432,16865.82,33356.844000000005,14929.644000000002,1739.376,22648.125,187398.0,36237.0
haryana,faridabad,1809733.0,37886.4,3771.1,51392.200000000004,149745.571,9191.544,341619.052,87700.0,382981.0
haryana,palwal,1042708.0,95081.259,11722.347,59728.149000000005,22838.58,2271.24,52238.52,186069.0,63090.0
nct of delhi,north west,3656539.0,31497.872,3041.64,43326.471999999994,329990.6,31656.074999999997,824017.2250000001,67592.0,959275.0
nct of delhi,north,887978.0,1141.536,40.608,4421.759999999999,110023.38900000001,10379.565,266606.541,4512.0,296559.0
nct of delhi,north east,2241624.0,1938.6639999999998,149.128,5059.7,171682.78,9645.1,458624.505,5326.0,482255.0
nct of delhi,east,1709346.0,72.762,13.031999999999998,1065.366,111593.94399999999,8761.508,430697.288,1086.0,461132.0
nct of delhi,new delhi,142004.0,,,,15167.232,1948.568,41025.256,,
nct of delhi,central,582320.0,,,,76594.521,6236.704000000001,176966.476,,
nct of delhi,west,2543243.0,873.747,32.562,1575.639,201514.464,19591.683999999997,629032.997,1809.0,699703.0
nct of delhi,south west,2292958.0,14618.545,1358.907,36113.983,168001.33099999998,15769.078,553130.736,41179.0,606503.0
nct of delhi,south,2731929.0,1205.134,134.22799999999998,2643.7079999999996,220627.935,21116.204999999998,640767.6,2918.0,728145.0
rajasthan,ganganagar,1969168.0,167430.437,9942.425,323327.66099999996,53096.834,5441.601,154343.592,397697.0,164897.0
rajasthan,hanumangarh,1774692.0,143173.712,9337.416,320195.55700000003,34999.46800000001,3369.514,102063.66600000001,389059.0,108694.0
rajasthan,bikaner,2363937.0,169891.524,16451.946,99047.43,53556.867,3335.0429999999997,181661.754,335754.0,196179.0
rajasthan,churu,2039547.0,135199.624,20004.025999999998,162101.59,45294.784,3277.9120000000003,130371.5,344897.0,148996.0
rajasthan,jhunjhunun,2137045.0,122110.288,12010.848,228706.56400000004,38190.678,2706.426,124044.525,500452.0,150357.0
rajasthan,alwar,3674179.0,309006.13,28162.584,115779.512,61334.49600000001,3407.472,168882.831,782294.0,212967.0
rajasthan,bharatpur,2548462.0,,,,54472.74,3112.728,90139.41500000001,,129697.0
rajasthan,dhaulpur,1206516.0,125367.27999999998,14168.219999999998,10304.159999999998,23333.147999999997,2051.91,36817.128,214670.0,58626.0
rajasthan,karauli,1458248.0,190349.32799999998,17082.631999999998,25013.853999999996,24612.820000000003,1838.5480000000002,37008.192,305047.0,59308.0
rajasthan,sawai madhopur,1335551.0,155695.464,12410.508000000002,24821.016000000003,24799.871999999996,1852.864,51452.608,282057.0,71264.0
rajasthan,dausa,1634409.0,170070.564,19137.452,33580.812000000005,15975.480000000001,834.54,45899.700000000004,361084.0,59610.0
rajasthan,jaipur,6626178.0,321562.266,31703.322,166065.02,264994.098,11734.055999999999,886899.066,754841.0,977838.0
rajasthan,sikar,2677333.0,165653.84,14771.68,212079.12000000002,47955.706,2852.384,150998.078,527560.0,178274.0
rajasthan,nagaur,3307743.0,313530.36799999996,42569.856,179063.68,53276.48,3995.736,134190.134,675712.0,166489.0
rajasthan,jodhpur,3687165.0,289186.425,30379.18,80037.45499999999,79320.03600000001,5226.514,277005.24199999997,584215.0,307442.0
rajasthan,jaisalmer,669919.0,89264.637,5091.744000000001,26572.539,12455.32,524.11,20501.95,159117.0,30830.0
rajasthan,barmer,2603751.0,322438.05,28769.725,52654.024999999994,16234.199999999999,1399.5,46351.439999999995,542825.0,55980.0
rajasthan,jalor,1828730.0,218411.536,35214.144,47371.408,17593.73,1928.08,29837.037999999997,419216.0,48202.0
rajasthan,sirohi,1036346.0,121175.77999999998,16458.915,38642.67,18663.252,1323.1409999999998,47493.798,238535.0,69639.0
rajasthan,pali,2037573.0,256967.409,27697.086000000003,95913.983,46416.256,3495.2,96607.328,512909.0,139808.0
rajasthan,ajmer,2583052.0,204258.16499999998,13917.39,57716.235,76702.401,3024.1090000000004,236980.178,409335.0,274919.0
rajasthan,tonk,1421326.0,161710.85100000002,5679.309,20624.859,29677.064999999995,2043.875,53713.034999999996,298911.0,81755.0
rajasthan,bundi,1110906.0,135027.668,8154.424,19906.388000000003,21319.872,1269.04,40736.184,239836.0,63452.0
rajasthan,bhilwara,2408523.0,294158.32499999995,19080.54,55651.575,43905.365000000005,1896.2450000000001,108961.15500000001,530015.0,145865.0
rajasthan,rajsamand,1156597.0,166323.612,12794.124,34422.286,18865.685999999998,610.54,43592.556000000004,304622.0,61054.0
rajasthan,dungarpur,1388552.0,200468.736,20014.592,29376.255999999998,8076.032000000001,662.4870000000001,23376.327,322816.0,31547.0
rajasthan,banswara,1797485.0,267839.78199999995,35529.767,26940.153000000002,9260.645,906.3609999999999,32510.774999999998,390437.0,39407.0
rajasthan,chittaurgarh,1544338.0,201362.22,13204.080000000002,35210.88,23817.964,1599.7140000000002,64432.925,366780.0,88873.0
rajasthan,kota,1951014.0,94199.20199999999,5696.7119999999995,25024.842,91338.355,5922.964999999999,239412.47999999998,203454.0,311735.0
rajasthan,baran,1222755.0,126336.28800000002,7724.704000000001,18688.800000000003,24361.595999999998,1396.08,39997.691999999995,249184.0,69804.0
rajasthan,jhalawar,1411129.0,178278.528,12840.831999999999,21500.928,19128.9,1339.0230000000001,42657.447,298624.0,63763.0
rajasthan,udaipur,3068420.0,399934.849,25287.061999999998,61886.757000000005,40209.18,2193.228,157546.878,665449.0,182769.0
rajasthan,pratapgarh,867848.0,132601.81600000002,5245.325000000001,13008.406,5824.5599999999995,339.76599999999996,17012.569,209813.0,24269.0
uttar pradesh,saharanpur,3466382.0,281363.13,34489.674,259580.17799999999,105990.188,8808.836,261423.52,605082.0,284156.0
uttar pradesh,muzaffarnagar,4143512.0,338220.492,30992.316,369886.554,118441.6,9475.328,274192.304,673746.0,296104.0
uttar pradesh,bijnor,3682713.0,359718.25,37613.125,344673.0,95924.69600000001,7188.736000000001,207574.752,683875.0,224648.0
uttar pradesh,moradabad,4772006.0,439672.73,41543.88,330966.24399999995,164249.316,11376.576000000001,332764.84799999994,692398.0,355518.0
uttar pradesh,rampur,2335819.0,257506.97500000003,24600.05,223781.1,69460.24500000001,5585.463,135053.631,396775.0,143217.0
uttar pradesh,jyotiba phule nagar,1840221.0,203212.24000000002,19817.392000000003,135362.864,58551.401999999995,4619.44,106247.12,335888.0,115486.0
uttar pradesh,meerut,3443689.0,190378.47999999998,15642.319999999998,202587.12,151606.77699999997,8868.363,392319.487,381520.0,422303.0
uttar pradesh,baghpat,1303048.0,128686.765,7873.760000000001,144680.34,32545.815,2169.721,60542.215,246055.0,69991.0
uttar pradesh,ghaziabad,4681645.0,180191.34900000002,12794.652,212533.386,285183.756,15053.688,792827.568,355407.0,836316.0
uttar pradesh,gautam buddha nagar,1648115.0,72263.20499999999,4100.04,88321.695,95240.735,4406.155,310125.52499999997,170835.0,338935.0
uttar pradesh,bulandshahr,3499171.0,370706.78699999995,28313.306999999997,203460.74099999998,95964.924,6205.584,188383.80000000002,658449.0,221628.0
uttar pradesh,aligarh,3673889.0,330060.33900000004,25031.031,124573.038,116999.408,7450.434000000001,232895.048,582117.0,275942.0
uttar pradesh,mahamaya nagar,1564708.0,158770.65,12102.300000000001,47544.75,39385.712,2716.2560000000003,61709.941000000006,288150.0,84883.0
uttar pradesh,mathura,2547184.0,217191.104,16299.52,79867.648,72009.81,4089.4459999999995,144375.22400000002,407488.0,177802.0
uttar pradesh,agra,4418797.0,262897.659,21369.753,82497.186,155417.464,7730.187999999999,333618.64,496971.0,406852.0
uttar pradesh,firozabad,2498156.0,201454.272,23433.049,39871.157999999996,96708.541,7424.84,152394.841,349747.0,185621.0
uttar pradesh,mainpuri,1868529.0,180745.65,25385.625,45694.125,30277.728000000003,3202.452,54878.382000000005,338475.0,72783.0
uttar pradesh,budaun,3681896.0,464965.22400000005,57587.436,149300.76,81154.024,9870.084,121417.70000000001,710956.0,156668.0
uttar pradesh,bareilly,4448359.0,397916.19,48634.201,282962.624,169063.86800000002,14511.92,334862.554,631613.0,362798.0
uttar pradesh,pilibhit,2031007.0,233088.50400000002,34201.183999999994,131971.96,40874.928,7529.592000000001,79598.544,371752.0,89638.0
uttar pradesh,shahjahanpur,3006538.0,319977.73500000004,62434.68000000001,140478.03,66952.85800000001,11046.548,115719.32600000002,520289.0,134714.0
uttar pradesh,kheri,4021243.0,483160.32,83798.118,138153.654,49313.776,9582.808,82046.064,754938.0,107672.0
uttar pradesh,sitapur,4483992.0,512273.877,100137.54299999999,98482.37700000001,47199.256,9462.115,80149.68000000001,827583.0,111319.0
uttar pradesh,hardoi,4092845.0,490059.899,65288.87900000001,136870.66199999998,56173.696,7990.224,89587.36,786613.0,121064.0
uttar pradesh,unnao,3108367.0,351827.03,43531.140999999996,94218.08600000001,53499.238000000005,6172.9890000000005,86784.963,596317.0,121039.0
uttar pradesh,lucknow,4589838.0,196856.66000000003,28564.865000000005,73993.325,223163.026,29420.206,629305.382,344155.0,717566.0
uttar pradesh,rae bareli,3405559.0,390583.85,54991.95,94473.35,25027.013,3816.4359999999997,52182.422999999995,705025.0,73393.0
uttar pradesh,farrukhabad,1885204.0,188721.612,27231.641999999996,75678.63299999999,43343.251000000004,4457.621,77486.731,316647.0,94843.0
uttar pradesh,kannauj,1656616.0,174774.655,26381.08,65053.344999999994,28571.504999999997,3893.1150000000002,49884.659999999996,299785.0,65985.0
uttar pradesh,etawah,1581810.0,145306.721,20720.154,52597.314,34620.615000000005,3590.2860000000005,71292.82200000001,265643.0,85483.0
uttar pradesh,auraiya,1379545.0,141221.472,23025.24,52190.544,22557.068,2337.52,43945.376000000004,255836.0,58438.0
uttar pradesh,kanpur dehat,1796184.0,206713.944,30570.372,83704.59,16322.585000000001,2438.0570000000002,27397.149,363933.0,41323.0
uttar pradesh,kanpur nagar,4581268.0,214542.97199999998,25175.961000000003,86109.084,265058.62200000003,32875.488,583539.912,364869.0,684906.0
uttar pradesh,jalaun,1689974.0,174682.48799999998,8840.823999999999,86274.248,37633.215000000004,3204.775,69223.14,304856.0,91565.0
uttar pradesh,jhansi,1998603.0,146746.608,6191.84,64085.544,64260.609,3711.0989999999997,139849.83599999998,309592.0,195321.0
uttar pradesh,lalitpur,1221592.0,136230.864,6966.351000000001,30961.56,15862.478000000001,1139.294,27562.150999999998,258013.0,43819.0
uttar pradesh,hamirpur,1104285.0,129320.905,3841.215,64020.25,20516.3,884.8000000000001,37991.1,256081.0,55300.0
uttar pradesh,mahoba,875958.0,100537.08600000001,3371.066,35297.044,23631.675000000003,776.4000000000001,26543.175000000003,198298.0,48525.0
uttar pradesh,banda,1799410.0,199991.62399999998,4158.616,75611.2,23784.288000000004,1148.673,49663.215000000004,378056.0,67569.0
uttar pradesh,chitrakoot,991730.0,108799.42499999999,3730.266,24453.966,11001.586000000001,636.066,13828.546000000002,207237.0,23558.0
uttar pradesh,fatehpur,2632733.0,320755.218,31851.999,102261.681,31792.797000000002,3342.5190000000002,56045.492999999995,558807.0,77733.0
uttar pradesh,pratapgarh,3209141.0,317854.99500000005,44798.355,80352.60500000001,13219.216999999999,1251.03,26730.340999999997,711085.0,41701.0
uttar pradesh,kaushambi,1599596.0,193120.51200000002,15393.664,48280.128000000004,13197.756,1353.616,15812.695999999998,349856.0,30764.0
uttar pradesh,allahabad,5954391.0,479833.80799999996,45230.236,153389.49599999998,80917.72,7693.816,222855.36,983266.0,265304.0
uttar pradesh,bara banki,3260699.0,323642.56,75664.95999999999,83930.87999999999,31231.859999999997,6957.984,53608.10399999999,635840.0,79068.0
uttar pradesh,faizabad,2470996.0,262334.29199999996,47465.154,74004.81,28622.968,3885.112,60417.456,510378.0,79288.0
uttar pradesh,ambedkar nagar,2397888.0,232723.376,49654.341,69716.701,27313.019999999997,6373.038,35376.863999999994,501559.0,65031.0
uttar pradesh,sultanpur,3797117.0,418189.026,72217.382,110005.547,14817.627,2195.204,36370.539000000004,839737.0,49891.0
uttar pradesh,bahraich,3487731.0,430986.84,60072.719999999994,73344.59999999999,25931.64,3519.294,49084.89,698520.0,61742.0
uttar pradesh,shrawasti,1117361.0,139808.74,16916.359999999997,25872.079999999998,3189.0000000000005,850.4000000000001,5357.52,248770.0,8504.0
uttar pradesh,balrampur,2148665.0,232509.69,27474.69,41827.13999999999,14486.04,1466.4879999999998,25717.192000000003,410070.0,35768.0
uttar pradesh,gonda,3433919.0,344198.358,76114.314,53212.662000000004,17158.050000000003,2322.9360000000006,40704.174,673578.0,52794.0
uttar pradesh,siddharthnagar,2559297.0,215113.91999999998,31690.889999999996,49937.159999999996,11805.192000000001,1734.0960000000002,15640.212,480165.0,33348.0
uttar pradesh,basti,2464464.0,207125.88,51396.0,67328.76000000001,11090.205,2112.4199999999996,22397.864999999998,513960.0,31065.0
uttar pradesh,sant kabir nagar,1715183.0,141037.848,33147.14399999999,39971.556,10300.841,1739.4560000000001,13507.963000000002,324972.0,27179.0
uttar pradesh,mahrajganj,2684703.0,294545.644,50428.048,95698.682,13374.969,1973.9139999999998,19875.271999999997,573046.0,34033.0
uttar pradesh,gorakhpur,4440895.0,356596.344,67814.262,141724.18800000002,59777.72,6999.290000000001,152092.68000000002,761958.0,189170.0
uttar pradesh,kushinagar,3564544.0,414959.116,63097.54,109863.952,16553.925000000003,4020.8500000000004,26648.824999999997,742324.0,42775.0
uttar pradesh,deoria,3100946.0,277966.76999999996,50811.13,99828.92599999999,22823.808,4483.248,42387.072,597778.0,67928.0
uttar pradesh,azamgarh,4613913.0,430364.59199999995,80192.16,149692.032,30082.316,3860.832,51960.363999999994,891024.0,80434.0
uttar pradesh,mau,2205968.0,166241.70400000003,35572.907,61988.43200000001,43800.561,6753.828,63068.835,352207.0,99321.0
uttar pradesh,ballia,3239774.0,269470.17900000006,72310.656,125413.79400000001,23267.894,5994.222,39316.939999999995,564927.0,64454.0
uttar pradesh,jaunpur,4494204.0,426926.56799999997,66678.336,142617.552,35858.990000000005,3545.6080000000006,57857.876000000004,926088.0,80582.0
uttar pradesh,ghazipur,3620268.0,358488.576,72817.992,130232.178,23603.327999999998,4487.090999999999,40260.884999999995,700173.0,61467.0
uttar pradesh,chandauli,1952756.0,169019.13,23455.716,64848.156,18702.496,2337.812,35168.824,344937.0,50822.0
uttar pradesh,varanasi,3676841.0,208933.06000000003,29408.645000000004,118951.38500000001,113174.18199999999,11064.515,281354.81,438935.0,316129.0
uttar pradesh,sant ravidas nagar (bhadohi),1578213.0,140004.27,18197.62,36982.259999999995,20238.68,2621.829,25574.332000000002,293510.0,45997.0
uttar pradesh,mirzapur,2496970.0,240018.43200000003,22327.296000000002,89309.18400000001,31730.941000000003,2728.705,53404.655,465152.0,77963.0
uttar pradesh,sonbhadra,1862559.0,188072.78399999999,6066.8640000000005,46175.576,31317.76,4278.88,64365.28,337048.0,91040.0
uttar pradesh,etah,1774480.0,189183.236,23397.22,30750.631999999998,29404.368,2100.312,53049.816,334246.0,67752.0
uttar pradesh,kanshiram nagar,1436719.0,166808.91,24139.826,30378.208,36317.49,3189.56,55744.810000000005,271234.0,72490.0
bihar,pashchim champaran,3935042.0,531412.362,41136.186,96544.10999999999,50145.78,7149.880000000001,52078.18,839514.0,96620.0
bihar,purba champaran,5099371.0,639665.6,63966.56,177050.30000000002,43571.384999999995,5789.205,54845.1,1142260.0,101565.0
bihar,sheohar,656246.0,94456.46399999999,5388.455999999999,31379.832,3382.2,601.28,2773.4039999999995,158484.0,7516.0
bihar,sitamarhi,3423574.0,473881.578,50052.227999999996,150963.97799999997,20762.059999999998,3228.5499999999997,30050.35,807294.0,49670.0
bihar,madhubani,4487379.0,532156.416,49234.944,181226.496,17606.918,2927.6139999999996,22884.87,1047552.0,41234.0
bihar,supaul,2229076.0,355390.227,28042.063000000002,52078.117,14408.169999999998,2169.5699999999997,13017.419999999998,572287.0,27815.0
bihar,araria,2811569.0,424435.28400000004,24385.257,44157.087,21443.305,2829.632,24007.659,659061.0,44213.0
bihar,kishanganj,1690400.0,249915.246,14062.755,24911.166,20117.647999999997,3425.203,22502.283,401793.0,43357.0
bihar,purnia,3264619.0,464063.397,36355.197,61304.842,39530.289000000004,8317.653,50677.659,712847.0,85749.0
bihar,katihar,3071029.0,414303.83999999997,33411.6,84865.46399999999,29541.474,4958.498,47839.03,668232.0,69838.0
bihar,madhepura,2001762.0,311217.92,30149.236,54949.414,11016.0,2088.0,12312.0,486278.0,24000.0
bihar,saharsa,1900661.0,278194.593,28554.966,54081.375,16397.826,2815.404,25719.095999999998,432651.0,38046.0
bihar,darbhanga,3937385.0,478987.872,73481.094,189599.36599999998,38215.6,8598.51,64011.13,907174.0,95539.0
bihar,muzaffarpur,4801062.0,603211.176,83890.296,218713.986,43693.4,8207.6,93059.7,998694.0,120700.0
bihar,gopalganj,2562012.0,273956.175,41274.0,93382.425,15100.668,2326.113,19371.564,515925.0,38133.0
bihar,siwan,3330464.0,294751.52400000003,51866.148,127767.82800000001,14399.151999999998,2553.3379999999997,29886.612,632514.0,41858.0
bihar,saran,3951862.0,360480.02199999994,61015.10099999999,124835.49399999999,31664.085,6027.621,45016.41,701323.0,76299.0
bihar,vaishali,3495021.0,397911.373,86015.99100000001,174829.25,22966.324000000004,5458.3640000000005,31926.280000000002,699317.0,51494.0
bihar,samastipur,4261566.0,599683.5680000001,98258.963,172206.43000000002,16785.596,2826.59,30527.172000000002,1012979.0,43486.0
bihar,begusarai,2970541.0,339389.26700000005,68947.732,151566.135,60572.88,13646.304000000002,80346.096,594377.0,139248.0
bihar,khagaria,1666886.0,219733.248,33258.944,81092.03199999999,9936.311,1512.504,13927.641,373696.0,21007.0
bihar,bhagalpur,3037766.0,307245.876,45982.37600000001,131154.27700000003,55911.35199999999,10058.818,93664.578,522527.0,130634.0
bihar,banka,2034763.0,257490.41999999998,28941.072,47242.044,8672.748,943.0919999999999,8284.416,425604.0,18492.0
bihar,munger,1367765.0,130256.666,17560.199,58015.341,33626.544,5747.394,63650.244000000006,222281.0,85782.0
bihar,lakhisarai,1000912.0,103594.49799999999,13542.914,47136.376,16612.049,2668.092,19566.008,175882.0,31763.0
bihar,sheikhpura,636342.0,64975.8,10179.542000000001,26315.199,10882.215,1801.53,12708.09,108293.0,24345.0
bihar,nalanda,2877653.0,306428.036,48843.395,117224.148,42854.195999999996,7279.062,75456.192,514141.0,102522.0
bihar,patna,5838465.0,384266.744,59877.181,181605.516,171151.93,28709.356,477569.095,657991.0,552103.0
bihar,bhojpur,2728407.0,251175.10199999998,37806.633,89084.595,31798.248,6344.1759999999995,53074.44799999999,434559.0,77368.0
bihar,buxar,1706352.0,169975.136,31421.46,59850.4,14020.380000000001,3115.6400000000003,23792.160000000003,299252.0,35405.0
bihar,kaimur (bhabua),1626384.0,196061.229,21134.295,47145.735,5125.165,703.754,10739.898000000001,325143.0,15299.0
bihar,rohtas,2959918.0,295644.99100000004,32792.512,108112.81300000001,39993.403999999995,5645.002,65443.752,512383.0,95678.0
bihar,aurangabad,2540073.0,247552.19799999997,28267.206,73666.052,20141.466,2646.324,33324.08,428291.0,49006.0
bihar,gaya,4391418.0,437269.492,55006.831000000006,114887.68500000001,40061.52,5230.254,86577.396,696289.0,111282.0
bihar,nawada,2219146.0,236460.27300000002,39093.753000000004,65662.323,17993.231000000003,2900.6720000000005,31408.839,379551.0,45323.0
bihar,jamui,1760405.0,209233.578,26072.72,38783.171,15086.139,2622.335,15086.139,325909.0,30851.0
bihar,jehanabad,1125313.0,114235.92,16986.059999999998,41625.18,11027.744,1941.108,19045.364,186660.0,28132.0
bihar,arwal,700843.0,83152.746,10478.052,30225.149999999998,5149.32,607.56,3884.3999999999996,134334.0,9960.0
sikkim,north  district,43709.0,5228.979,427.09100000000007,8657.25,419.398,37.188,2010.2179999999998,11543.0,2066.0
sikkim,west district,136435.0,16558.956000000002,2535.1890000000003,26988.531,290.444,124.47599999999998,1684.1979999999999,32091.0,1886.0
sikkim,south district,146850.0,14104.155,1836.9650000000001,26433.615000000005,1248.939,73.467,7991.577,31135.0,8163.0
sikkim,east district,283583.0,16900.416,3046.95,34857.108,7638.208,705.704,39394.888000000006,40626.0,41512.0
arunachal pradesh,tawang,49977.0,5032.37,439.92999999999995,7446.620000000001,613.0,14.712,2390.7,10730.0,2452.0
arunachal pradesh,west kameng,83947.0,8640.386999999999,447.22499999999997,6958.820999999999,,,,17889.0,
arunachal pradesh,east kameng,78690.0,8440.746000000001,377.07800000000003,3190.66,2466.6949999999997,130.375,3337.6,14503.0,5215.0
arunachal pradesh,papum pare,176573.0,8996.444,812.32,11128.784,9476.52,1056.3,27675.06,20308.0,30180.0
arunachal pradesh,upper subansiri,83448.0,9146.918,363.54999999999995,5002.447999999999,1798.72,56.064,3975.872,14542.0,4672.0
arunachal pradesh,west siang,112274.0,9176.064,178.17600000000002,15835.391999999998,2550.9,178.56300000000002,8128.8679999999995,22272.0,8503.0
arunachal pradesh,east siang,99214.0,5459.16,292.455,9241.578,5371.535999999999,409.532,8638.268,19497.0,9524.0
arunachal pradesh,upper siang,35320.0,2502.1479999999997,34.276,4824.347,1036.45,24.002000000000002,1749.9640000000002,8569.0,2182.0
arunachal pradesh,changlang,148226.0,16644.156,568.174,21824.566000000003,2488.734,51.98400000000001,5932.674,33422.0,6498.0
arunachal pradesh,tirap,111975.0,7975.859999999999,184.2,15767.519999999999,3068.0,97.5,5973.5,18420.0,6500.0
arunachal pradesh,lower subansiri,83030.0,7281.024,271.68,12334.271999999999,1314.425,37.555,5284.525,18112.0,5365.0
arunachal pradesh,kurung kumey,92076.0,8315.541000000001,2325.375,4371.705,542.724,55.69199999999999,880.1519999999999,18603.0,1092.0
arunachal pradesh,dibang valley,8004.0,1021.3350000000002,147.96,1329.585,573.4,65.8,965.85,2055.0,1175.0
arunachal pradesh,lower dibang valley,54080.0,6324.0,384.0,5760.0,1275.85,146.15,3499.7,12000.0,3950.0
arunachal pradesh,lohit,145726.0,18177.059,2015.94,16631.505,5310.724,409.392,10143.824,33599.0,11372.0
arunachal pradesh,anjaw,21167.0,3181.2,361.5,1668.925,292.324,0.0,274.776,6025.0,428.0
nagaland,mon,250260.0,27908.48,610.4979999999999,27341.589,3611.1050000000005,415.24,6984.930000000001,43607.0,7415.0
nagaland,mokokchung,194622.0,12799.776000000002,187.68,36147.168,5854.86,124.19399999999999,17475.87,37536.0,17742.0
nagaland,zunheboto,140757.0,13820.014000000001,531.539,22418.439000000002,2181.884,12.088000000000001,5705.536,31267.0,6044.0
nagaland,wokha,166343.0,19865.484,384.99,22906.905,1772.89,16.34,7900.39,38499.0,8170.0
nagaland,dimapur,378811.0,21954.852000000003,1571.7120000000002,44990.256,21747.138,1319.913,60841.704,49116.0,62853.0
nagaland,phek,163418.0,21163.231999999996,933.6719999999999,29332.862,2837.755,29.180000000000003,6828.12,38903.0,7295.0
nagaland,tuensang,196596.0,22379.5,1383.4599999999998,20263.62,5094.089,292.98100000000005,8392.488,40690.0,9451.0
nagaland,longleng,50484.0,8385.446,279.09200000000004,8753.34,1561.2870000000003,137.256,1855.4070000000002,12686.0,2451.0
nagaland,kiphire,74004.0,9170.304,160.32,5867.7119999999995,1192.62,17.16,4088.37,16032.0,4290.0
nagaland,kohima,267988.0,10699.92,191.07,16623.09,14117.345,840.845,40714.6,31845.0,44255.0
nagaland,peren,95219.0,10708.119999999999,181.83599999999998,15577.283999999998,2488.603,85.533,3783.817,20204.0,4073.0
manipur,senapati,479148.0,22690.776,836.176,27555.8,1157.684,32.868,1782.1760000000002,38008.0,1826.0
manipur,tamenglong,140651.0,13573.812,2014.488,15924.048,2253.093,428.376,3983.073,23982.0,4119.0
manipur,churachandpur,274143.0,28392.992000000002,1218.356,43595.956,2547.8250000000003,111.619,4794.764,52972.0,4853.0
manipur,bishnupur,237399.0,12137.019,2063.643,31864.046999999995,6372.772,868.0519999999999,19986.368000000002,34977.0,21172.0
manipur,thoubal,422168.0,22096.935,3627.855,60486.237,10264.936,1991.704,36042.18199999999,65961.0,38302.0
manipur,imphal west,517992.0,16899.205,2705.915,46970.6,26152.530000000002,3772.8240000000005,82916.38200000001,51055.0,85746.0
manipur,imphal east,456113.0,23449.244,2963.366,58558.689000000006,14653.8,1488.64,44426.6,64421.0,46520.0
manipur,ukhrul,183998.0,25403.136,1876.368,29011.536,3274.584,243.85200000000003,5579.566,36084.0,5806.0
manipur,chandel,144182.0,17740.167999999998,1245.4569999999999,23420.666999999998,1539.681,590.1479999999999,3665.727,30377.0,3783.0
mizoram,mamit,86364.0,8312.822,986.8340000000001,13899.305999999999,883.6059999999999,41.29,4075.323,16726.0,4129.0
mizoram,kolasib,83955.0,4554.099,212.71800000000002,9253.233,4815.195,300.16799999999995,12081.761999999999,9669.0,12507.0
mizoram,aizawl,400309.0,7117.22,349.69,20035.18,13336.606,562.387,79778.613,20570.0,80341.0
mizoram,champhai,125745.0,8866.39,882.9599999999999,17456.855,5646.348,190.755,12386.358,18395.0,12717.0
mizoram,serchhip,64937.0,3885.44,463.264,7203.008000000001,3736.3880000000004,769.7280000000001,7969.892000000001,7472.0,8018.0
mizoram,lunglei,161428.0,10696.542,837.6809999999999,17290.595,4640.42,138.52,16830.18,21479.0,17315.0
mizoram,lawngtlai,117894.0,10930.521,1143.636,13305.765000000001,1824.4579999999999,84.368,5183.3589999999995,21993.0,5273.0
mizoram,saiha,56574.0,2281.9320000000002,366.23600000000005,6127.410000000001,1660.008,133.032,5645.184,7043.0,5784.0
tripura,west tripura,1725739.0,119903.094,11584.84,246757.092,69879.152,7812.576,212892.69599999997,289621.0,217016.0
tripura,south tripura,876001.0,94024.359,9862.695,181035.24599999998,12304.243999999999,1616.616,44007.88,219171.0,44906.0
tripura,dhalai,378230.0,42492.075000000004,6440.904,59399.44800000001,5628.400000000001,1266.39,13564.444000000001,89457.0,14071.0
tripura,north tripura,693947.0,72811.50799999999,12486.271,122606.15499999998,14511.295999999998,2995.064,40918.479999999996,150437.0,42184.0
meghalaya,west garo hills,643291.0,68281.99,7664.305,78454.613,6340.554,1171.422,17459.766,139351.0,18594.0
meghalaya,east garo hills,317917.0,30659.322,2257.128,49719.514,4872.114,138.216,11137.906,62698.0,11518.0
meghalaya,south garo hills,142334.0,18396.16,1437.2,22779.62,1555.747,100.25100000000002,3245.1620000000003,35930.0,3713.0
meghalaya,west khasi hills,383461.0,41980.752,6884.544,30531.456,5755.932,565.7539999999999,11130.595,74832.0,12299.0
meghalaya,ribhoi,258840.0,31255.532,3421.2920000000004,37170.308,1955.976,177.816,5242.704000000001,57988.0,5736.0
meghalaya,east khasi hills,825922.0,56205.192,9881.064,47067.864,25578.105000000003,2285.7030000000004,105468.86700000001,106248.0,108843.0
meghalaya,jaintia hills,395124.0,35517.344,6429.8640000000005,33374.056000000004,1003.9399999999999,150.59099999999998,6891.330999999999,76546.0,7171.0
assam,kokrajhar,887142.0,112692.8,26636.48,51019.104,4244.52,804.4050000000001,15420.615,204896.0,17115.0
assam,dhubri,1949258.0,295706.48400000005,81065.95200000002,179634.78000000003,24045.965999999997,7370.873999999999,48394.01699999999,460602.0,60417.0
assam,goalpara,1008183.0,138080.44,28804.859999999997,141966.81,18329.856,3160.32,33578.4,228610.0,39504.0
assam,barpeta,1693622.0,282623.44800000003,84071.532,312137.922,17640.895999999997,3862.208,48434.17599999999,447189.0,52192.0
assam,morigaon,957423.0,145128.75,34366.488,132821.832,10817.699999999999,2325.2999999999997,22823.325,232206.0,25275.0
assam,nagaon,2823768.0,400274.40699999995,93149.86200000001,485999.27999999997,54269.282,7326.974,118225.072,674999.0,124186.0
assam,sonitpur,1924110.0,280811.825,49299.149999999994,265828.75,20778.016,2903.7599999999998,61301.6,483325.0,64528.0
assam,lakhimpur,1042137.0,190018.87199999997,28444.182999999997,157469.343,13079.638,1908.17,32855.218,293239.0,34694.0
assam,dhemaji,686133.0,140183.796,21175.8,85338.47399999999,7971.431999999999,1188.288,15777.823999999999,211758.0,16504.0
assam,tinsukia,1327929.0,162794.24,14535.2,224714.19199999998,33727.61,4545.5,85909.95,290704.0,90910.0
assam,dibrugarh,1326335.0,162519.784,17091.564000000002,222490.184,22917.411,3163.6829999999995,74385.132,299852.0,77163.0
assam,sivasagar,1151050.0,217189.746,21971.102,258970.85800000004,16397.108,1756.833,41983.804000000004,360182.0,45047.0
assam,jorhat,1092256.0,174374.97,23192.73,168648.37,28530.872,3232.96,76136.208,286330.0,80824.0
assam,golaghat,1066888.0,187451.52,23138.547,190673.34299999996,13231.53,1435.98,33403.63,292893.0,34190.0
assam,karbi anglong,956313.0,140414.841,9274.713,104610.135,19336.2,1338.66,35139.825000000004,215691.0,37185.0
assam,dima hasao,214102.0,23468.64,1692.45,21475.31,9631.668000000001,703.197,20584.494,37610.0,21309.0
assam,cachar,1736617.0,197003.163,42239.693999999996,268672.152,33083.076,5424.913,85197.814,346227.0,88933.0
assam,karimganj,1228686.0,150880.32,39029.805,219247.965,11802.895,2844.4649999999997,31844.93,261945.0,32695.0
assam,hailakandi,659296.0,94732.925,26748.120000000003,130397.08500000002,4941.610000000001,1231.352,15894.162,159215.0,16202.0
assam,bongaigaon,738804.0,116976.489,22740.375,89506.11600000001,11156.3,1654.2099999999998,35238.52,181923.0,38470.0
assam,chirang,482162.0,74185.35,14062.962000000001,30964.32,4587.135,1718.724,9859.437,129018.0,11613.0
assam,kamrup,1517542.0,230842.236,48043.308000000005,222639.72,19775.899,3727.165,34509.163,390596.0,43849.0
assam,kamrup metropolitan,1253938.0,32139.016,6194.734,39683.098000000005,100152.234,14307.462,355852.26,61334.0,366858.0
assam,nalbari,771639.0,128530.66,20017.07,134219.722,12227.053999999998,2400.23,25442.438,210706.0,28238.0
assam,baksa,950075.0,187525.16299999997,32663.791999999998,112865.067,1904.56,268.5,3368.7799999999997,291641.0,3580.0
assam,darrang,928500.0,154665.79200000002,47796.026000000005,127814.092,6945.016,1736.254,18533.501999999997,268517.0,20189.0
assam,udalguri,831668.0,160406.21,28653.53,111132.85,4883.754999999999,996.12,12423.83,267790.0,13835.0
west bengal,darjiling,1846823.0,164379.928,24262.72,158617.532,68368.97499999999,11430.775,187637.25,303284.0,215675.0
west bengal,jalpaiguri,3872846.0,461462.48399999994,127740.48,296198.238,118826.47200000002,33539.73,262887.598,798378.0,319426.0
west bengal,koch bihar,2819086.0,463565.839,101229.28199999999,447497.699,32995.208999999995,7689.149,87889.893,803407.0,97331.0
west bengal,uttar dinajpur,3007134.0,396024.999,84813.644,140900.086,37707.600000000006,13763.274000000001,75980.814,683981.0,94269.0
west bengal,dakshin dinajpur,1676276.0,225186.62399999998,46522.931,107510.97499999999,24036.410999999996,6517.161,64190.53199999999,390949.0,70077.0
west bengal,maldah,3988845.0,489887.62,93825.93400000001,210900.772,62408.83,10680.274000000001,95607.754,830318.0,128678.0
west bengal,murshidabad,7103807.0,842098.0260000001,255181.22,520869.90200000006,170186.01499999998,40704.284,216855.58199999997,1501066.0,350899.0
west bengal,birbhum,3502404.0,432142.88,129642.864,155405.228,50192.745,12514.545000000002,82892.04000000001,831044.0,134565.0
west bengal,barddhaman,7717563.0,707001.624,128297.592,629204.148,329424.57600000006,54329.184,616593.12,1364868.0,862368.0
west bengal,nadia,5167600.0,582864.3589999999,168695.436,771024.6529999999,192976.68,49649.34,437007.86999999994,1081381.0,468390.0
west bengal,north twenty four parganas,10009781.0,559923.031,238239.389,954166.8930000002,551034.2019999999,89089.362,1550814.8199999998,1209337.0,1649803.0
west bengal,hugli,5519145.0,451398.675,116073.94499999999,596243.0850000001,218360.16100000002,34341.509,575382.264,992085.0,647953.0
west bengal,bankura,3596674.0,471869.86,105360.25499999999,148584.975,35263.38,8088.765,54894.54,900515.0,90885.0
west bengal,puruliya,2930115.0,409568.31299999997,48338.206,39846.359,43253.355,6662.011,50611.397,653219.0,99433.0
west bengal,haora,4850029.0,195287.136,67190.376,290997.168,305998.176,56505.344999999994,725876.355,483384.0,869313.0
west bengal,kolkata,4496694.0,,,,404204.75399999996,35318.862,1241392.594,,
west bengal,south twenty four parganas,8161961.0,782832.198,254145.924,862841.1,235400.55000000002,49525.83,508098.32999999996,1568802.0,611430.0
west bengal,paschim medinipur,5913457.0,712182.8700000001,180092.22,571656.365,65943.74399999999,16686.984,155209.056,1364335.0,201048.0
west bengal,purba medinipur,5095875.0,584572.94,215934.086,1021213.1359999999,59406.03599999999,17241.407,141345.39599999998,1193006.0,170707.0
jharkhand,garhwa,1322784.0,170272.128,12552.111999999997,13370.728,8535.1,1304.24,8880.34,272872.0,19180.0
jharkhand,chatra,1042886.0,115560.05,9043.83,13264.284,6740.992,595.6479999999999,9544.896,200974.0,14528.0
jharkhand,kodarma,716259.0,61041.422,4901.988,8870.264000000001,15542.637,1877.634,17489.813,116714.0,34771.0
jharkhand,giridih,2445474.0,242574.30400000003,14029.484000000002,26248.712,17347.82,1594.124,28741.118,452564.0,46886.0
jharkhand,deoghar,1492073.0,155968.038,13126.023,14155.515,24062.038,2702.154,43942.171,257373.0,64337.0
jharkhand,godda,1313551.0,173336.658,25433.767999999996,21839.866,5731.967999999999,654.192,10108.824,276454.0,15576.0
jharkhand,sahibganj,1150567.0,145465.94999999998,16311.85,20557.399999999998,17457.495,2928.354,20385.849,223450.0,37543.0
jharkhand,pakur,900422.0,120152.212,14241.748,14642.924,7746.129000000001,945.4590000000001,7712.955,200588.0,16587.0
jharkhand,dhanbad,2684487.0,135074.808,12161.908,31569.207999999995,180427.475,15812.745,240434.815,258764.0,405455.0
jharkhand,bokaro,2062330.0,125906.93599999999,10262.792,16520.591999999997,94851.884,8270.464,162049.404,250312.0,258452.0
jharkhand,lohardaga,461790.0,60474.375,2709.252,7063.407,5330.450000000001,647.9000000000001,10381.125,96759.0,14725.0
jharkhand,purbi singhbhum,2293919.0,133893.87,15227.145999999999,35705.032,88268.508,7868.898,276095.68200000003,262537.0,342126.0
jharkhand,palamu,1939869.0,223272.212,22398.326999999997,26309.146,21002.375,2828.25,30534.625,355529.0,52375.0
jharkhand,latehar,726978.0,84898.66,3220.2940000000003,10539.144,5739.622,706.85,7888.446,146377.0,14137.0
jharkhand,hazaribagh,1734495.0,151796.755,10328.438999999998,29107.419,22761.215,2062.95,50542.275,312983.0,68765.0
jharkhand,ramgarh,949443.0,67167.56700000001,5094.546,14747.37,47186.083999999995,4268.088,71134.79999999999,134067.0,118558.0
jharkhand,dumka,1321442.0,194062.38299999997,18221.82,18829.214,7799.135,1164.05,14946.402,303697.0,23281.0
jharkhand,jamtara,791042.0,103637.43,8112.195000000001,7284.42,6737.855,663.7289999999999,12087.913,165555.0,20113.0
jharkhand,ranchi,2914253.0,231406.99999999997,12622.199999999999,55537.67999999999,98656.956,12719.921999999999,245401.422,420740.0,310242.0
jharkhand,khunti,531885.0,,,,,,,,
jharkhand,gumla,1025213.0,137126.15699999998,6282.241,13864.256000000001,6314.879999999999,822.25,11264.824999999999,216629.0,16445.0
jharkhand,simdega,599578.0,85924.724,4180.901,7064.281000000001,4445.6,444.56,5934.876,144169.0,11114.0
jharkhand,pashchimi singhbhum,1502338.0,171496.352,13477.12,12466.336000000001,23773.5,2852.82,37340.244,336928.0,63396.0
jharkhand,saraikela-kharsawan,1065056.0,116227.68000000001,7820.928,13903.872000000001,25048.674,2326.926,44143.155,217248.0,68439.0
orissa,bargarh,1481255.0,275337.65400000004,34983.11,50622.618,22133.465,2227.565,25688.09,411566.0,47395.0
orissa,jharsuguda,579505.0,73805.16,6090.216,9703.056,33652.71,4141.871999999999,39643.632,103224.0,73962.0
orissa,sambalpur,1041099.0,153825.80899999998,17214.365999999998,18979.942,39056.776000000005,4929.496,56404.81,220697.0,94798.0
orissa,debagarh,312520.0,68556.0,12248.672,5393.072,4579.05,404.25,3770.5499999999997,91408.0,7350.0
orissa,sundargarh,2093437.0,294424.449,22498.838,32584.524,107940.819,10126.644000000002,150748.90500000003,387911.0,230151.0
orissa,kendujhar,1801733.0,343443.8,42194.524,45628.96200000001,40828.032,6442.128,42501.312,490634.0,83664.0
orissa,mayurbhanj,2519738.0,499604.75,59263.46,103366.5,28241.801999999996,5222.798999999999,41266.56,689110.0,64479.0
orissa,baleshwar,2320529.0,373316.634,69733.864,136461.95799999998,34789.68,5935.68,56059.2,601154.0,82440.0
orissa,bhadrak,1506337.0,240393.26599999997,33273.718,59817.92,28586.588000000003,4014.0560000000005,28098.392,373862.0,54244.0
orissa,kendrapara,1440361.0,236406.93,31106.175,65530.342,10478.324,2067.472,13579.532,414749.0,23494.0
orissa,jagatsinghapur,1136971.0,177449.50499999998,21987.635,68440.38500000001,24622.884000000002,1592.7390000000003,19285.056,309685.0,43047.0
orissa,cuttack,2624470.0,318740.95,58532.429,129814.49599999998,77141.088,13489.152,164399.03999999998,579529.0,210768.0
orissa,jajapur,1827192.0,286463.158,72359.20599999999,98626.58899999999,19531.512,3186.96,27863.136,495611.0,45528.0
orissa,dhenkanal,1192811.0,206580.45,36269.85,44785.38,15457.222,2810.404,22113.442,315390.0,36979.0
orissa,anugul,1273821.0,219224.04,40849.2,56848.469999999994,28780.675999999996,4895.682,47473.28,340410.0,74177.0
orissa,nayagarh,962789.0,168238.378,31920.811999999998,41601.714,12943.68,2028.2879999999998,14891.903999999999,261646.0,26688.0
orissa,khordha,2251673.0,207064.416,28205.89,60725.622,130623.56999999999,18201.644999999997,273381.56999999995,331834.0,356895.0
orissa,puri,1698730.0,257690.97399999996,45025.568,62714.183999999994,33505.44,4188.18,52929.93,402014.0,72210.0
orissa,ganjam,3529031.0,490013.216,75570.22,151935.91600000003,87747.28199999999,11435.735999999999,143606.45399999997,795476.0,219918.0
orissa,gajapati,577817.0,101903.65000000001,8973.605000000001,19316.065,9381.35,1152.5,13069.35,152095.0,23050.0
orissa,kandhamal,733110.0,150290.848,14417.436,13762.098,11387.385,1567.296,13836.285,218446.0,24489.0
orissa,baudh,441162.0,98664.127,6174.719,11823.93,3689.6969999999997,355.158,3374.0009999999997,131377.0,6577.0
orissa,subarnapur,610183.0,130925.98,12738.744,13977.233,10177.05,961.35,6464.25,176927.0,16575.0
orissa,balangir,1648997.0,327064.22,33373.9,48153.77,29168.048,4229.056,36133.551999999996,476770.0,62192.0
orissa,nuapada,610382.0,143801.082,9468.384,25051.765999999996,6254.963000000001,771.485,5744.596,197258.0,11869.0
orissa,kalahandi,1576869.0,320804.208,42895.583999999995,37419.551999999996,18360.935999999998,2650.4280000000003,22586.255999999998,456336.0,38412.0
orissa,rayagada,967911.0,165428.071,13528.551,15664.637999999997,17615.39,2115.815,29769.025,237343.0,49205.0
orissa,nabarangapur,1220946.0,237588.12,15084.960000000001,19884.72,15123.936,1441.776,15712.416,342840.0,29424.0
orissa,koraput,1379647.0,250835.373,20234.817,31306.697999999997,30473.871,4386.9839999999995,50842.011000000006,381789.0,78339.0
orissa,malkangiri,613192.0,112985.93199999999,12423.416,10073.039999999999,7238.423,1330.4759999999999,7555.2029999999995,167884.0,15839.0
chhattisgarh,koriya,658917.0,61535.26,2680.744,10357.42,22411.125,776.919,35439.458999999995,121852.0,59763.0
chhattisgarh,surguja,2359886.0,,,,19159.097999999998,1042.672,39947.371,,65167.0
chhattisgarh,jashpur,851669.0,,,,7832.915999999999,248.664,8744.684000000001,,20722.0
chhattisgarh,raigarh,1493984.0,203355.57200000001,17005.344,46056.14,25189.163999999997,1999.1399999999999,38183.574,354278.0,66638.0
chhattisgarh,korba,1206640.0,112389.31199999999,6611.136,24585.162,37438.335,2016.88,73868.23,206598.0,126055.0
chhattisgarh,janjgir - champa,1619707.0,223953.97,21256.647999999997,41754.13,26801.219999999998,2325.22,27168.359999999997,379583.0,61190.0
chhattisgarh,bilaspur,2663629.0,324832.512,28580.863999999998,91238.912,67930.814,5833.394,123630.318,549632.0,188174.0
chhattisgarh,kabeerdham,822526.0,114072.39899999999,11613.282,16857.989999999998,8759.556,1217.268,11814.66,187311.0,23868.0
chhattisgarh,rajnandgaon,1537133.0,149589.108,10662.536,58016.74,25101.183999999997,1913.1999999999998,40712.896,313604.0,76528.0
chhattisgarh,durg,3343872.0,279526.752,26672.399999999998,74682.72,103523.336,7694.302000000001,218937.866,533448.0,349741.0
chhattisgarh,raipur,4063872.0,383894.43,39736.441,86881.371,118895.301,11455.029,256750.65000000002,673499.0,395001.0
chhattisgarh,mahasamund,1032754.0,164875.8,12640.478,41768.53599999999,14738.888,1466.734,17922.774,274793.0,35774.0
chhattisgarh,dhamtari,799781.0,92947.63900000001,7084.938000000001,40822.738000000005,16382.464000000002,1462.72,22400.512000000002,168689.0,41792.0
chhattisgarh,uttar bastar kanker,748941.0,78673.815,5075.7300000000005,25040.268000000004,9403.884,796.096,15150.702,169191.0,24878.0
chhattisgarh,bastar,1413199.0,165173.85,10758.449999999999,43983.075000000004,19432.476000000002,1591.9260000000002,33485.340000000004,316425.0,54894.0
chhattisgarh,narayanpur,139820.0,15503.616000000002,1184.3040000000003,1103.556,3416.9869999999996,135.93800000000002,2731.118,26916.0,6179.0
chhattisgarh,dakshin bastar dantewada,533638.0,53379.045000000006,3409.4400000000005,7671.240000000001,11050.312,907.816,15589.392,106545.0,31304.0
chhattisgarh,bijapur,255230.0,28503.685,2118.858,1362.123,4860.504,246.202,2231.702,50449.0,7942.0
madhya pradesh,sheopur,687861.0,90688.184,7957.738,8708.468,10708.656,844.032,15087.072,150146.0,26376.0
madhya pradesh,morena,1965970.0,170824.43,16603.496,21392.966,34017.816000000006,2001.048,70322.544,319298.0,95288.0
madhya pradesh,bhind,1703005.0,139944.87600000002,12475.706,25222.623000000003,35972.69500000001,2209.625,59483.104999999996,271211.0,88385.0
madhya pradesh,gwalior,2032036.0,83078.32,7772.400000000001,29880.56,73214.268,5443.44,236789.63999999998,172720.0,272172.0
madhya pradesh,datia,786754.0,74931.551,4332.231,18131.189000000002,15103.547999999999,1302.03,27386.031,160453.0,43401.0
madhya pradesh,shivpuri,1726050.0,199747.437,15450.078000000001,20600.104,21029.085000000003,1869.252,43860.663,367859.0,66759.0
madhya pradesh,tikamgarh,1445166.0,144279.084,9360.387999999999,12588.107999999998,19812.38,1625.9400000000003,27219.440000000002,322772.0,60220.0
madhya pradesh,chhatarpur,1762375.0,169892.788,9772.594000000001,19545.188000000002,27658.968,1520.768,55032.792,375869.0,95048.0
madhya pradesh,panna,1016520.0,121953.40000000001,7702.32,12837.2,11584.44,740.117,17312.302,256744.0,32179.0
madhya pradesh,sagar,2378458.0,231378.528,21075.176,50221.695999999996,53127.747,4137.675,107083.029,448408.0,165507.0
madhya pradesh,damoh,1264219.0,164132.367,15169.349999999999,17899.833,22681.274,1928.906,37380.868,303387.0,66514.0
madhya pradesh,satna,2228935.0,181037.75200000004,10160.282000000001,105297.46800000001,26716.482,2625.979,69074.66500000001,461831.0,114173.0
madhya pradesh,rewa,2365106.0,181796.77000000002,11002.11,93255.98000000001,20598.602,2267.736,56220.955,523910.0,94489.0
madhya pradesh,umaria,644758.0,65183.200000000004,5800.2,8009.8,8480.378,629.2860000000001,16541.232000000004,138100.0,29966.0
madhya pradesh,neemuch,826067.0,80670.805,4878.579999999999,22999.019999999997,18757.512000000002,951.468,43223.832,174235.0,67962.0
madhya pradesh,mandsaur,1340411.0,150236.639,6952.601,40204.171,24140.440000000002,1391.144,55809.424000000006,302287.0,81832.0
madhya pradesh,ratlam,1455069.0,153895.132,9335.06,35739.943999999996,29466.525,1500.1139999999998,88721.02799999999,266716.0,107151.0
madhya pradesh,ujjain,1986864.0,165119.98500000002,11429.07,53836.935,56793.884,3584.9959999999996,157739.824,300765.0,188684.0
madhya pradesh,shajapur,1512681.0,177250.437,13754.884000000002,41889.874,23753.037,1775.928,49355.999,312611.0,73997.0
madhya pradesh,dewas,1563715.0,134747.55,17049.69,59673.91499999999,30809.27,2626.364,78083.822,274995.0,101014.0
madhya pradesh,dhar,2185793.0,232976.61999999997,19380.356,79170.81599999999,31732.748000000003,3100.92,78970.09600000002,412348.0,103364.0
madhya pradesh,indore,3276697.0,82953.594,9217.065999999999,83153.965,136991.651,15874.569000000001,530916.1410000001,200371.0,587947.0
madhya pradesh,khargone (west nimar),1873046.0,218235.96699999998,24163.209,49860.59,22602.9,2451.84,56545.56,383543.0,76620.0
madhya pradesh,barwani,1385881.0,150715.516,13018.616,25786.874,18293.088,2005.3919999999998,32330.832,250358.0,48912.0
madhya pradesh,rajgarh,1545814.0,200463.976,21573.11,25887.732,24926.811,2234.3360000000002,42592.03,331894.0,69823.0
madhya pradesh,vidisha,1458875.0,132245.708,8777.369999999999,33646.585,25651.98,1760.43,59938.45,292579.0,83830.0
madhya pradesh,bhopal,2371061.0,55404.138000000006,5112.399,25561.995000000003,175129.62600000002,15127.476,488152.014,118893.0,581826.0
madhya pradesh,sehore,1311332.0,117906.172,17848.182,58682.659,18535.86,1480.5,46843.02,270427.0,59220.0
madhya pradesh,raisen,1331597.0,116590.20799999998,18091.584,46485.32,27096.523999999998,2977.64,53597.52,251272.0,74441.0
madhya pradesh,betul,1575362.0,145438.91999999998,15309.359999999999,41143.905,26574.311999999998,2631.12,62796.06399999999,318945.0,87704.0
madhya pradesh,harda,570465.0,47565.308000000005,8678.978000000001,43169.462,8438.925,1401.18,25253.085,112714.0,31845.0
madhya pradesh,hoshangabad,1241350.0,92036.34999999999,21384.3,70861.7,30349.102,3595.364,85231.276,209650.0,105746.0
madhya pradesh,katni,1292042.0,128410.21500000001,12150.644000000002,23748.986,20843.68,1749.12,47955.03999999999,276151.0,72880.0
madhya pradesh,jabalpur,2463289.0,125795.20800000001,15520.188000000002,72972.11200000001,103628.238,10221.833,282686.554,272284.0,352477.0
madhya pradesh,narsimhapur,1091854.0,112792.251,22604.582000000002,63431.225000000006,17880.883,3130.481,38096.362,230659.0,53059.0
madhya pradesh,dindori,704524.0,111626.75200000001,5886.567000000001,8066.777000000001,3684.7980000000002,537.5699999999999,5405.021999999999,218021.0,9774.0
madhya pradesh,mandla,1054905.0,120819.168,12025.981999999998,18738.158,10655.788,1490.32,24254.957999999995,279674.0,37258.0
madhya pradesh,chhindwara,2090922.0,207810.42599999998,21070.242,50816.466,47168.67,5209.674,93351.726,413142.0,140802.0
madhya pradesh,seoni,1379131.0,151105.29499999998,16417.205,50926.84,13169.134,1663.97,35133.538,335045.0,47542.0
madhya pradesh,balaghat,1701698.0,153228.34199999998,21603.996,46808.657999999996,20813.141999999996,2406.962,44670.382999999994,400074.0,70793.0
madhya pradesh,guna,1241519.0,104680.38,6170.185,15744.61,24299.520000000004,2386.56,43102.72,212765.0,72320.0
madhya pradesh,ashoknagar,845071.0,74626.64,4579.362,11872.42,14037.03,631.2950000000001,20907.005,169606.0,37135.0
madhya pradesh,shahdol,1066063.0,103248.54800000001,6774.226,17753.144,16891.032,1561.842,36847.902,233594.0,57846.0
madhya pradesh,anuppur,749237.0,,,,,,,,
madhya pradesh,sidhi,1127033.0,95864.04600000002,4768.107,10289.073,6945.488000000001,388.74,12698.840000000002,250953.0,25916.0
madhya pradesh,singrauli,1178273.0,101557.008,4345.908,5032.104000000001,15878.703,1523.418,30526.952999999998,228732.0,58593.0
madhya pradesh,jhabua,1025048.0,132136.08000000002,10765.08,12242.640000000001,6301.815,444.834,18979.584,211080.0,24713.0
madhya pradesh,alirajpur,728999.0,84372.78600000001,5434.64,6793.3,4369.276,381.21200000000005,11040.486,135866.0,14662.0
madhya pradesh,khandwa (east nimar),1310061.0,139207.412,21253.04,46225.362,19725.175,2790.7000000000003,43953.525,265663.0,63425.0
madhya pradesh,burhanpur,757847.0,56133.835999999996,7422.656,21456.114999999998,26213.037000000004,2451.579,43122.646,115979.0,62861.0
gujarat,kachchh,2092371.0,124026.422,5371.223000000001,240240.15600000002,53710.148,2509.82,220613.178,488293.0,250982.0
gujarat,banas kantha,3120506.0,258707.92399999997,26670.92,114018.183,32706.912,2061.36,107190.72,666773.0,137424.0
gujarat,patan,1343734.0,112453.15899999999,11456.354,108232.397,26177.024999999998,1539.8249999999998,84587.72,301483.0,102655.0
gujarat,mahesana,2035064.0,156129.63999999998,12376.130000000001,211346.22,40054.884000000005,2388.594,156177.30000000002,476005.0,183738.0
gujarat,sabar kantha,2428589.0,223593.864,11424.504,169191.464,32928.939,1944.144,93197.40299999999,544024.0,121509.0
gujarat,gandhinagar,1391753.0,86970.38399999999,5465.351999999999,101703.07199999999,47734.695999999996,2543.242,158072.272,237624.0,195634.0
gujarat,ahmadabad,7214225.0,143033.445,7063.38,116192.601,441046.537,11072.298,1699597.743,353169.0,1845383.0
gujarat,surendranagar,1756268.0,124046.832,7838.124,70883.90400000001,38034.78,2237.3399999999997,111867.0,340788.0,159810.0
gujarat,rajkot,3804558.0,130490.616,6892.11,202168.56,158015.50799999997,7936.852000000001,624125.1799999999,459474.0,721532.0
gujarat,jamnagar,2160119.0,104494.558,5554.528,120810.98399999998,68808.41,2991.67,250701.946,347158.0,299167.0
gujarat,porbandar,585449.0,29188.559999999998,2208.345,37541.865,21539.022,1138.2410000000002,67769.118,96015.0,87557.0
gujarat,junagadh,2743082.0,159980.499,8317.029,225049.02,68713.934,4025.084,246392.642,489237.0,287506.0
gujarat,amreli,1514190.0,90663.34599999999,5333.138,163444.994,28874.053,1168.99,91648.816,313714.0,116899.0
gujarat,bhavnagar,2880365.0,128567.33200000002,5808.765,124307.57100000001,91704.282,3925.0860000000007,291170.016,387251.0,356826.0
gujarat,anand,2092745.0,170601.21399999998,8674.637999999999,170601.21399999998,54525.249,2715.8170000000005,173394.47,413078.0,208909.0
gujarat,kheda,2299885.0,194744.138,11536.975,117215.666,40136.75,2408.205,126029.395,461479.0,160547.0
gujarat,panch mahals,2390776.0,233534.952,12047.438,78771.71,25434.072,1146.6180000000002,87664.15800000001,463363.0,104238.0
gujarat,dohad,2127086.0,192599.715,6797.637,19745.516999999996,12462.452000000001,580.8770000000001,37915.426,323697.0,52807.0
gujarat,vadodara,4165626.0,251828.84,10949.08,156024.38999999998,137901.229,5543.768,636840.349,547454.0,692971.0
gujarat,narmada,590297.0,60635.119,1795.573,22099.36,7497.576,422.712,16619.256,138121.0,22248.0
gujarat,bharuch,1551019.0,114858.614,4510.155,137710.066,36626.438,1087.914,162099.18600000002,300677.0,181319.0
gujarat,the dangs,228291.0,18913.025999999998,573.1220000000001,13181.806,2014.288,52.611999999999995,4344.248,52102.0,7516.0
gujarat,navsari,1329672.0,92369.955,3748.3459999999995,119143.855,28283.4,1272.7530000000002,121194.369,267739.0,141417.0
gujarat,valsad,1705678.0,104176.77,3411.33,72425.16,58051.326,2123.829,179345.56,262410.0,235981.0
gujarat,surat,6081322.0,114280.56,4438.08,184550.16,302939.604,7649.99,1435138.1239999998,369840.0,1529998.0
gujarat,tapi,807022.0,69794.73599999999,1922.72,44222.56,7812.666000000001,209.73600000000002,20318.175000000003,192272.0,26217.0
daman and diu,diu,52074.0,1243.0759999999998,29.363999999999997,4238.204,969.634,18.124000000000002,6769.314,9788.0,9062.0
daman and diu,daman,191173.0,2641.584,90.054,5733.438,22658.083000000002,366.438,53011.364,10006.0,61073.0
dadra and nagar haveli,dadra and nagar haveli,343709.0,21940.555,385.76800000000003,12778.564999999999,12596.896,121.12400000000001,49236.905999999995,48221.0,60562.0
maharashtra,nandurbar,1648295.0,163052.16,13004.16,74357.12000000001,20899.024,2361.8759999999997,45448.22,333440.0,71572.0
maharashtra,dhule,2050862.0,143158.598,13014.418,71579.299,33144.951,2336.208,95346.489,382777.0,146013.0
maharashtra,jalgaon,4229917.0,309730.747,43792.265,179946.39800000002,101236.115,6350.605,242443.68500000003,796223.0,373565.0
maharashtra,buldana,2586258.0,269864.945,38552.135,167442.855,52558.727999999996,5347.545,93047.283,575405.0,152787.0
maharashtra,akola,1813906.0,146375.05,21879.217999999997,95220.822,66274.026,7254.849,141763.671,308158.0,196077.0
maharashtra,washim,1197160.0,127290.275,18419.975000000002,75604.375,19963.797000000002,1453.9460000000001,37634.833,274925.0,55921.0
maharashtra,amravati,2888445.0,226978.766,33588.786,209166.53100000002,85415.822,7913.9259999999995,214494.68399999998,508921.0,272894.0
maharashtra,wardha,1300774.0,117328.38200000001,25506.170000000002,126725.392,28852.32,4448.066000000001,94250.91200000001,268486.0,120218.0
maharashtra,nagpur,4653570.0,168029.15999999997,35760.052,198619.08399999997,207972.71399999998,24570.615999999998,789769.7999999999,430844.0,877522.0
maharashtra,bhandara,1200334.0,123755.548,22991.283,158384.39399999997,18143.75,2467.5499999999997,61180.725,283843.0,72575.0
maharashtra,gondiya,1322507.0,128839.90599999999,16624.504,151858.45,18039.51,2204.8289999999997,51646.449,319702.0,66813.0
maharashtra,gadchiroli,1072942.0,125067.63600000001,25541.982,65176.092000000004,10058.58,1490.16,24550.386000000002,293586.0,37254.0
maharashtra,chandrapur,2204307.0,186396.81199999998,50548.28799999999,131335.284,58799.412,7933.254,167298.327,451324.0,233331.0
maharashtra,yavatmal,2772348.0,295114.967,50968.683,137174.97400000002,49484.477000000006,6586.671,115182.29800000001,629243.0,168889.0
maharashtra,nanded,3361292.0,302652.928,46107.282,113494.84799999998,80697.05,9222.52,168772.116,591119.0,230563.0
maharashtra,hingoli,1177345.0,113226.952,14547.36,65220.664,16220.331,1299.303,27536.841,242456.0,41913.0
maharashtra,parbhani,1836086.0,138816.04,24358.840000000004,39032.840000000004,47885.721999999994,5885.396,89484.77100000001,293480.0,133759.0
maharashtra,jalna,1959046.0,165945.86000000002,27927.474000000002,118185.832,35800.66,3040.6040000000003,68854.96800000001,404746.0,98084.0
maharashtra,aurangabad,3701282.0,219060.23300000004,44143.12,109254.22200000001,96579.51800000001,5982.802,373497.78200000006,551789.0,427343.0
maharashtra,nashik,6107187.0,312108.04500000004,50661.016,265065.673,185717.853,19106.775,528111.2609999999,904661.0,764271.0
maharashtra,thane,11060148.0,262749.79199999996,41411.651999999995,283455.618,630202.069,31945.727000000003,2163596.965,713994.0,2904157.0
maharashtra,mumbai suburban,9356962.0,,,,834362.6590000001,43103.606,1684119.4630000002,,
maharashtra,mumbai,3085411.0,,,,290118.10199999996,16609.815,741905.07,,
maharashtra,raigarh,2634200.0,164668.644,20947.248000000003,296170.81200000003,66757.31999999999,4148.76,305499.6,581868.0,377160.0
maharashtra,pune,9429408.0,278606.602,57120.18200000001,720413.7239999999,429858.45099999994,26737.607,1655674.895,1165718.0,2056739.0
maharashtra,ahmadnagar,4543159.0,318666.25800000003,77063.08200000001,407184.663,65144.541000000005,7050.275000000001,207560.096,1041393.0,282011.0
maharashtra,bid,2585049.0,230876.74000000002,45049.12,86719.55600000001,41720.756,3928.2529999999997,93600.78699999998,563114.0,135457.0
maharashtra,latur,2454196.0,171875.016,24431.112,106296.768,48046.89600000001,4082.416,122315.46400000002,428616.0,157016.0
maharashtra,osmanabad,1657576.0,140254.356,22763.796,81509.076,24594.912000000004,2179.296,44986.896,367158.0,77832.0
maharashtra,solapur,4317756.0,230858.984,60834.462,250357.209,115901.016,7149.737999999999,229167.918,779929.0,376302.0
maharashtra,satara,3003741.0,215317.116,41049.666,542939.922,41596.443,5425.6230000000005,151515.546,774522.0,200949.0
maharashtra,ratnagiri,1615069.0,154560.406,22080.057999999997,361897.536,16736.784000000003,1915.656,82675.68000000001,538538.0,100824.0
maharashtra,sindhudurg,849651.0,81653.772,13608.961999999998,220110.168,10707.382,1349.67,39050.452,295847.0,44989.0
maharashtra,kolhapur,3876001.0,193548.52800000002,15929.92,592593.0240000001,84985.59599999999,4593.816,285965.046,796496.0,382818.0
maharashtra,sangli,2822143.0,171762.92799999999,31970.471999999998,379257.56,57380.653000000006,5443.224,175997.576,626872.0,226801.0
telangana,adilabad,2741239.0,213295.36200000002,38835.29,82450.308,51758.28,6166.9439999999995,155715.336,597466.0,220248.0
telangana,nizamabad,2551335.0,179722.47,24302.094999999998,166158.50999999998,39403.782,3412.926,132638.715,565165.0,155133.0
telangana,karimnagar,3776269.0,284224.464,44739.036,300014.71200000006,60489.24,5184.792,243109.13600000003,877236.0,288044.0
telangana,medak,3033288.0,205403.938,26120.732,188781.654,37922.926,2345.748,165375.234,593653.0,195479.0
telangana,hyderabad,3943323.0,,,,203661.199,9596.601,1050294.665,,
telangana,rangareddy,5296741.0,110184.98999999999,9506.155999999999,187962.62999999998,182934.288,7904.567999999999,1084055.04,432098.0,1129224.0
telangana,mahbubnagar,4053028.0,261480.604,52635.706,151964.37699999998,30599.88,2737.884,125781.612,848963.0,161052.0
telangana,nalgonda,3488809.0,285058.3680000001,49176.73600000001,265887.776,47976.219,3356.361,160315.596,833504.0,197433.0
telangana,warangal,3512576.0,294390.344,64492.73,225345.186,68315.01299999999,8359.221,237517.176,758738.0,288249.0
telangana,khammam,2797370.0,226879.818,34801.624,250303.98799999998,45508.03800000001,4429.986000000001,171964.002,669262.0,201363.0
andhra pradesh,srikakulam,2703114.0,241633.39200000002,26346.32,96352.25600000001,32032.375999999997,2544.6279999999997,98641.75600000001,752752.0,149684.0
andhra pradesh,vizianagaram,2344474.0,183069.522,19551.113999999998,63393.005999999994,31411.199999999997,2984.064,104285.18400000001,592458.0,157056.0
andhra pradesh,visakhapatnam,4290589.0,213497.559,23003.104000000003,153833.258,112283.81,7265.423000000001,551511.655,718847.0,660493.0
andhra pradesh,east godavari,5154296.0,364641.61600000004,46779.681000000004,563755.13,84929.658,6908.1539999999995,354754.02599999995,1199479.0,406362.0
andhra pradesh,west godavari,3936966.0,302176.5,48348.24,593273.195,52406.703,5464.206,220306.851,1007255.0,248373.0
andhra pradesh,krishna,4517398.0,280061.936,40008.848000000005,511022.10400000005,113975.44200000001,9639.714,527349.06,909292.0,567042.0
andhra pradesh,guntur,4887813.0,331661.87,44934.834,497492.805,112371.74699999999,9749.146999999999,442816.519,1069877.0,513113.0
andhra pradesh,prakasam,3397448.0,260298.82800000004,36686.412000000004,244576.08000000002,45386.867999999995,4281.78,165704.886,873486.0,214089.0
andhra pradesh,sri potti sriramulu nellore,2963557.0,192269.223,29632.891,175729.935,43886.416000000005,5023.144,208328.288,689137.0,264376.0
andhra pradesh,y.s.r.,2882469.0,129338.991,15355.314000000002,167727.276,54591.744000000006,3228.5440000000003,232161.664,590589.0,293504.0
andhra pradesh,kurnool,4053463.0,211640.31,25867.148999999998,216343.428,64466.22,4297.748,223175.91400000002,783853.0,306982.0
andhra pradesh,anantapur,4081148.0,195950.349,26186.912999999997,198659.34,71359.079,4438.603,260170.422,902997.0,341431.0
andhra pradesh,chittoor,4174064.0,,,,58197.299999999996,4750.8,322658.5,,395900.0
karnataka,belgaum,4779661.0,370669.145,45250.519,178113.745,90830.49,6767.762,257887.352,962777.0,356198.0
karnataka,bagalkot,1889752.0,139338.77099999998,16889.548,23385.528,54567.28199999999,6136.746,70489.65,324799.0,165858.0
karnataka,bijapur,2177331.0,165319.233,26958.532,19822.449999999997,36298.357,3800.1890000000003,77969.395,396449.0,131041.0
karnataka,bidar,1703300.0,162804.978,14356.7,25267.792000000005,30680.7,3068.07,69645.189,287134.0,102269.0
karnataka,raichur,1928812.0,142752.67200000002,23461.665999999997,33044.6,38749.218,4514.472,63202.608,330446.0,125402.0
karnataka,koppal,1389920.0,107549.39199999999,14194.336,32756.159999999996,17269.826999999997,2393.197,31305.603999999996,272968.0,64681.0
karnataka,gadag,1064570.0,75267.588,9183.366,16566.072,39950.442,3804.8039999999996,47336.238,180066.0,111906.0
karnataka,dharwad,,80681.628,7788.572999999999,46132.317,82185.12999999999,5667.94,232385.53999999998,199707.0,283397.0
karnataka,uttara kannada,1437169.0,160789.161,21393.984,169146.18600000002,52410.602999999996,4496.352,113251.86599999998,334281.0,140511.0
karnataka,haveri,1597668.0,141469.124,15753.800000000001,88851.432,29447.912,2856.152,68646.136,315076.0,98488.0
karnataka,bellary,2452595.0,148269.99599999998,20066.616,44964.083999999995,72540.28800000002,7556.280000000001,159941.26,371604.0,251876.0
karnataka,chitradurga,1659456.0,157366.8,20632.536,66793.464,30953.148,1952.88,72158.91600000001,349704.0,97644.0
karnataka,davanagere,1945497.0,163507.48,20571.44,105694.64000000001,54035.37699999999,4928.307999999999,142392.899,354680.0,176011.0
karnataka,shimoga,1752753.0,161419.35199999998,25728.412,217810.392,64935.164000000004,6453.184,176857.574,352444.0,201662.0
karnataka,udupi,1177361.0,93086.865,11332.314,225567.012,28893.0,2427.012,110949.12,269817.0,115572.0
karnataka,chikmagalur,1137961.0,141805.3,17141.3,168608.06,24633.629999999997,2342.214,72204.804,311660.0,80766.0
karnataka,tumkur,2678980.0,280346.187,39755.694,125436.069,57138.920999999995,5119.975,168959.175,685443.0,204799.0
karnataka,bangalore,9621551.0,86565.888,7514.400000000001,224830.848,590509.416,32641.224000000002,2872427.712,300576.0,2967384.0
karnataka,mandya,1805769.0,202819.214,20649.015,126188.425,31961.414999999997,3206.4849999999997,88850.665,458867.0,103435.0
karnataka,hassan,1776421.0,241602.161,30758.386,132459.501,39464.765999999996,3189.0719999999997,119457.322,496103.0,132878.0
karnataka,dakshina kannada,2089649.0,135830.952,12318.003,293301.63899999997,83469.099,5077.968000000001,309756.048,332919.0,317373.0
karnataka,kodagu,554519.0,72472.8,8334.372,142771.416,10618.528,1017.344,30838.24,181182.0,31792.0
karnataka,mysore,3001127.0,259486.08000000002,28651.588,145960.92,108410.01000000001,8368.492,358323.612,540596.0,380386.0
karnataka,chamarajanagar,1020791.0,124773.00000000001,18387.600000000002,40452.72,21392.8,2574.0,36779.6,262680.0,57200.0
karnataka,gulbarga,2566326.0,173905.536,14826.048,18031.68,57399.264,2989.545,135924.646,400704.0,199303.0
karnataka,yadgir,1174271.0,106386.944,11428.285,8934.840999999999,18991.552,1601.0320000000002,22193.616,207787.0,55208.0
karnataka,kolar,1536401.0,133565.903,16654.916999999998,83274.585,47729.272000000004,2416.672,121135.68400000001,326567.0,151042.0
karnataka,chikkaballapura,1255104.0,120893.56699999998,15466.801,72599.26999999999,26240.786999999997,1504.848,79286.67899999999,315649.0,94053.0
karnataka,bangalore rural,990923.0,84333.98,8548.924,174444.26,27764.31,1621.97,87109.33,231052.0,95410.0
karnataka,ramanagara,1082636.0,116123.25,18152.6,74746.0,29013.228000000003,2714.688,75078.09,266950.0,84834.0
goa,north goa,818008.0,26647.57,2085.462,79595.133,41009.08000000001,2301.53,178473.19,115859.0,209230.0
goa,south goa,640537.0,20737.079999999998,1772.4,65401.56,39741.011999999995,2443.0950000000003,138767.796,88620.0,162873.0
lakshadweep,lakshadweep,64473.0,2161.0854,92.0286,5186.3934,2284.4696,76.5744,15587.6763,5289.0,15953.0
kerala,kasaragod,1307375.0,80273.47899999999,19124.715999999997,223457.20799999998,30740.34,4486.428000000001,160514.424,251641.0,166164.0
kerala,kannur,2523003.0,95255.56800000001,18989.856,294955.344,109841.05399999999,11890.011,557698.135,306288.0,566191.0
kerala,wayanad,817420.0,94228.78199999999,23956.47,244089.811,4722.0,649.275,11250.164999999999,266183.0,11805.0
kerala,kozhikode,3086293.0,87747.903,21370.337999999996,314079.20999999996,128642.79900000001,23995.548000000003,654545.226,323793.0,666543.0
kerala,malappuram,4112920.0,175133.86800000002,26650.806000000004,612333.995,111310.818,13064.65,514747.20999999996,634543.0,522586.0
kerala,palakkad,2809934.0,235728.24599999998,35958.546,587322.918,64192.202000000005,7538.586,216791.458,665899.0,228442.0
kerala,thrissur,3121200.0,118535.29600000002,17174.147999999997,326308.81200000003,203808.91499999998,29319.878999999997,702961.977,336748.0,715119.0
kerala,ernakulam,3282388.0,109429.42400000001,18484.7,358233.48600000003,179514.331,24954.907000000003,791312.051,369694.0,804997.0
kerala,idukki,1108974.0,172700.01,32503.63,347358.07,4893.405,291.522,20677.238999999998,391610.0,20823.0
kerala,kottayam,1974551.0,168688.45,22170.482,462688.32,51991.41,5101.044,192662.508,481967.0,196194.0
kerala,alappuzha,2127789.0,99094.281,25519.263000000003,301259.87100000004,104695.239,25487.605,371334.799,331419.0,392117.0
kerala,pathanamthitta,1197412.0,125327.584,20334.608,388847.504,13709.976,1619.744,55534.08,414992.0,57848.0
kerala,kollam,2635375.0,156590.78499999997,39278.625,487054.94999999995,97945.26,22077.825,386964.06000000006,523715.0,401415.0
kerala,thiruvananthapuram,3301427.0,191278.20600000003,57047.886,513990.26700000005,157944.416,37199.263999999996,587260.512,559293.0,609824.0
tamil nadu,thiruvallur,3728104.0,125464.78799999999,12778.820999999998,109588.071,132527.47600000002,7321.96,650190.048,387237.0,732196.0
tamil nadu,chennai,4646732.0,,,,228657.74999999997,11827.125,1256303.5,,
tamil nadu,kancheepuram,3998252.0,139099.283,10092.376999999999,128568.107,136348.08000000002,6197.64,663147.48,438799.0,774705.0
tamil nadu,vellore,3936331.0,181672.722,15030.476999999999,125471.80799999999,102228.21,7302.015,346602.31200000003,653499.0,486801.0
tamil nadu,tiruvannamalai,2464875.0,163299.58000000002,12951.346,70387.75,27500.406999999996,1911.793,95736.71099999998,563102.0,147061.0
tamil nadu,viluppuram,3458873.0,290895.12,16160.84,106661.544,37906.736000000004,2389.08,104482.43199999999,808042.0,159272.0
tamil nadu,salem,3482056.0,184445.78600000002,13174.698999999999,83630.698,145799.516,7768.0070000000005,328048.911,572813.0,597539.0
tamil nadu,namakkal,1726601.0,94070.678,6666.426,115551.384,62481.861000000004,3085.524,140391.342,370357.0,257127.0
tamil nadu,erode,2251744.0,117627.796,8225.72,138603.382,102910.72399999999,4756.378,275869.92399999994,411286.0,432398.0
tamil nadu,the nilgiris,735394.0,38795.596,2354.646,47429.297999999995,55320.356,2887.6009999999997,89515.631,112126.0,151979.0
tamil nadu,dindigul,2159775.0,139802.67,7988.724000000001,83881.602,69858.51599999999,3776.1359999999995,154821.57599999997,443818.0,269724.0
tamil nadu,karur,1064493.0,61549.89,4669.302,48815.42999999999,30636.420000000002,1371.78,102273.81999999999,212241.0,152420.0
tamil nadu,tiruchirappalli,2722290.0,134906.686,10864.967999999999,108649.68,90526.27999999998,5076.24,313880.84,452707.0,423020.0
tamil nadu,perambalur,565223.0,46934.726,3419.0860000000007,24244.428,5607.251,298.61100000000005,18314.808,155413.0,33179.0
tamil nadu,ariyalur,754894.0,84878.945,7614.47,31801.61,8399.194000000001,606.44,15555.186,223955.0,30322.0
tamil nadu,cuddalore,2605914.0,193499.881,11938.296,98988.371,68845.92,3911.7000000000003,178895.08,497429.0,260780.0
tamil nadu,nagapattinam,1616450.0,178360.152,12768.512,124492.992,36804.44,2849.3759999999997,82750.628,399016.0,118724.0
tamil nadu,thiruvarur,1264277.0,143956.288,13174.570999999998,101219.265,24230.592,1476.416,63225.344,321331.0,86848.0
tamil nadu,thanjavur,2405890.0,206479.17,21558.149999999998,137972.16,78724.674,5486.04,205177.89599999998,479070.0,274302.0
tamil nadu,pudukkottai,1618345.0,157886.24,16787.904,70749.02399999999,26161.479,1667.664,72230.697,399712.0,104229.0
tamil nadu,sivaganga,1339101.0,98024.00799999999,9276.72,73904.536,31502.460000000003,2004.702,112406.505,309224.0,143193.0
tamil nadu,madurai,3038252.0,134087.478,8772.078000000001,86467.626,102541.079,4741.784,502629.10399999993,417718.0,592723.0
tamil nadu,theni,1245899.0,66643.456,3975.888,46953.344,66167.20499999999,2876.835,115073.4,189328.0,221295.0
tamil nadu,virudhunagar,1942288.0,98221.14,6184.294,53112.172,71591.806,3338.478,173971.798,363782.0,370942.0
tamil nadu,ramanathapuram,1353445.0,99924.432,8714.34,65357.55,31817.011,2028.176,89493.26599999999,290478.0,126761.0
tamil nadu,thoothukkudi,1750176.0,112586.13,6721.56,94773.996,69753.352,3908.5930000000003,219783.191,336078.0,300661.0
tamil nadu,tirunelveli,3077233.0,166032.486,8767.392,181923.38400000002,129692.95500000002,5683.755000000001,325007.445,547962.0,516705.0
tamil nadu,kanniyakumari,1870374.0,37114.068,2814.831,86634.24299999999,162950.04,14813.64,436508.59200000006,104253.0,493788.0
tamil nadu,dharmapuri,1506843.0,131347.089,9920.475,42459.632999999994,20954.61,1457.7120000000002,53753.130000000005,396819.0,91107.0
tamil nadu,krishnagiri,1879809.0,143222.07600000003,9635.736,84093.696,26087.016,855.312,111618.216,437988.0,142552.0
tamil nadu,coimbatore,3458045.0,78033.82999999999,4556.72,94836.73499999999,213274.63700000002,7079.656,689381.503,284795.0,884957.0
tamil nadu,tiruppur,2479052.0,98500.53600000001,6067.062,110277.774,126973.19200000001,3766.154,403516.5,356886.0,538022.0
pondicherry,yanam,55626.0,,,,2389.926,108.633,12710.061000000002,,
pondicherry,pondicherry,950289.0,27847.424,2269.6960000000004,31251.967999999997,38710.79,2444.892,168086.325,87296.0,203741.0
pondicherry,mahe,41816.0,,,,1913.38,133.21,11843.58,,
pondicherry,karaikal,200222.0,13107.423999999999,747.9780000000001,16954.168,7080.15,404.58,25083.96,35618.0,33715.0
andaman and nicobar islands,nicobars,36842.0,3798.0040000000004,191.496,12910.022000000003,,,,15958.0,0.0
andaman and nicobar islands,north  and middle andaman,105597.0,17317.313,1055.457,18763.68,611.5459999999999,72.204,613.734,39091.0,1094.0
andaman and nicobar islands,south andaman,238142.0,11691.835,1221.5349999999999,22580.947,10835.034,607.572,44454.018,34901.0,50631.0
